[
	{
		"id": 1,
		"image": "./images/links/1.jpg",
		"sitename": "myunitedlife.com",
		"url": "https://myunitedlife.com"
	},
	{
		"id": 2,
		"image": "./images/links/2.jpg",
		"sitename": "myunitedlife.com",
		"url": "https://myunitedlife.com"
	},
	{
		"id": 3,
		"image": "./images/links/3.jpg",
		"sitename": "myunitedlife.com",
		"url": "https://myunitedlife.com"
	},
	{
		"id": 4,
		"image": "./images/links/4.jpg",
		"sitename": "myunitedlife.com",
		"url": "https://myunitedlife.com"
	},
	{
		"id": 5,
		"image": "./images/links/5.jpg",
		"sitename": "myunitedlife.com",
		"url": "https://myunitedlife.com"
	},
	{
		"id": 6,
		"image": "./images/links/6.jpg",
		"sitename": "myunitedlife.com",
		"url": "https://myunitedlife.com"
	},
	{
		"id": 7,
		"image": "./images/links/7.jpg",
		"sitename": "myunitedlife.com",
		"url": "https://myunitedlife.com"
	},
	{
		"id": 8,
		"image": "./images/links/8.jpg",
		"sitename": "myunitedlife.com",
		"url": "https://myunitedlife.com"
	},
	{
		"id": 9,
		"image": "./images/links/9.jpg",
		"sitename": "myunitedlife.com",
		"url": "https://myunitedlife.com"
	},
	{
		"id": 10,
		"image": "./images/links/10.jpg",
		"sitename": "myunitedlife.com",
		"url": "https://myunitedlife.com"
	},
	{
		"id": 11,
		"image": "./images/links/11.jpg",
		"sitename": "myunitedlife.com",
		"url": "https://myunitedlife.com"
	},
	{
		"id": 12,
		"image": "./images/links/12.jpg",
		"sitename": "myunitedlife.com",
		"url": "https://myunitedlife.com"
	}
]
