[
	{
		"id": 1,
		"img": "/images/service-details/landing/feature-icons/1.png",
		"title": "Compatibility With Multiple Browsers",
		"desc": "Aside from using Litmus and other popular testing tools, we also do manual A/B testing using established approaches to assure access to all touchpoints."
	},
	{
		"id": 2,
		"img": "/images/service-details/landing/feature-icons/2.png",
		"title": "Effortless Hubspot Integration",
		"desc": "It's not only about creating beautiful landing pages; we've worked with Hubspot, Marketo, Unbounce, and other major marketing software."
	},
	{
		"id": 3,
		"img": "/images/service-details/landing/feature-icons/3.png",
		"title": "Validation by the W3C",
		"desc": "You may ensure that your project is developed to give rich interactive experiences and engagement to your target audience by adhering to W3C standards in every website and landing page development process."
	},
	{
		"id": 4,
		"img": "/images/service-details/landing/feature-icons/4.png",
		"title": "HTML Designers with A Proven Track Record",
		"desc": "From a team of skilled HTML designers, you may hire a dedicated specialist to help you develop several landing pages for Google ad campaigns and your website."
	},
	{
		"id": 5,
		"img": "/images/service-details/landing/feature-icons/5.png",
		"title": "24*7 Customer Care",
		"desc": "Our staff of professional designers is available around the clock, seven days a week, to assist our clients in delivering and optimizing their projects."
	}
]
